{"title":"Arithmetic Quiz","language":"und","mainLibrary":"H5P.ArithmeticQuiz","embedTypes":["div"],"preloadedDependencies":[{"machineName":"H5P.ArithmeticQuiz","majorVersion":"1","minorVersion":"1"},{"machineName":"H5P.SoundJS","majorVersion":"1","minorVersion":"0"},{"machineName":"Odometer","majorVersion":"1","minorVersion":"0"},{"machineName":"H5P.JoubelUI","majorVersion":"1","minorVersion":"3"},{"machineName":"H5P.Transition","majorVersion":"1","minorVersion":"0"},{"machineName":"Drop","majorVersion":"1","minorVersion":"0"},{"machineName":"Tether","majorVersion":"1","minorVersion":"0"},{"machineName":"FontAwesome","majorVersion":"4","minorVersion":"5"},{"machineName":"H5P.FontIcons","majorVersion":"1","minorVersion":"0"}]}