{
  "title": "Arithmetic Quiz",
  "description": "Arithmetic quiz containing addition, division, multiplication and subtraction",
  "majorVersion": 1,
  "minorVersion": 1,
  "patchVersion": 4,
  "runnable": 1,
  "author": "Joubel",
  "license": "MIT",
  "machineName": "H5P.ArithmeticQuiz",
  "fullscreen": 0,
  "embedTypes": [
    "iframe"
  ],
  "preloadedJs": [
    {
      "path": "js/arithmetic-quiz.js"
    },
    {
      "path": "js/sound-effects.js"
    },
    {
      "path": "js/countdown-widget.js"
    },
    {
      "path": "js/timer-widget.js"
    },
    {
      "path": "js/intro-page.js"
    },
    {
      "path": "js/qa-generator.js"
    },
    {
      "path": "js/game-page.js"
    },
    {
      "path": "js/result-page.js"
    }
  ],
  "preloadedCss": [
    {
      "path": "css/arithmetic-quiz.css"
    }
  ],
  "preloadedDependencies": [
    {
      "machineName": "H5P.JoubelUI",
      "majorVersion": 1,
      "minorVersion": 3
    },
    {
      "machineName": "H5P.SoundJS",
      "majorVersion": 1,
      "minorVersion": 0
    },
    {
      "machineName": "Odometer",
      "majorVersion": 1,
      "minorVersion": 0
    }
  ]
}