[
  {
    "name": "intro",
    "type": "text",
    "label": "Intro",
    "importance": "high",
    "description": "The intro text (maximum 100 characters)",
    "maxLength": 100,
    "optional": true
  },
  {
    "name": "arithmeticType",
    "type": "select",
    "label": "Arithmetic type",
    "importance": "high",
    "options": [
      {
        "value": "addition",
        "label": "Addition"
      },
      {
        "value": "subtraction",
        "label": "Subtraction"
      },
      {
        "value": "multiplication",
        "label": "Multiplication"
      },
      {
        "value": "division",
        "label": "Division"
      }
    ],
    "default": "addition"
  },
  {
    "name": "maxQuestions",
    "type": "number",
    "label": "Max number of questions",
    "importance": "medium",
    "default": 20,
    "min": 2,
    "max": 100
  },
  {
    "name": "UI",
    "type": "group",
    "label": "User interface translations",
    "importance": "low",
    "common": true,
    "fields": [
      {
        "name": "score",
        "type": "text",
        "label": "Scoring during quiz",
        "importance": "low",
        "default": "Score:"
      },
      {
        "name": "time",
        "type": "text",
        "label": "Time",
        "importance": "low",
        "default": "Time: @time"
      },
      {
        "name": "resultPageHeader",
        "type": "text",
        "label": "Result page header",
        "importance": "low",
        "default": "Finished!"
      },
      {
        "name": "go",
        "type": "text",
        "label": "Go label",
        "importance": "low",
        "default": "GO!"
      },
      {
        "name": "startButton",
        "type": "text",
        "label": "Start button label",
        "importance": "low",
        "default": "Start"
      },
      {
        "name": "retryButton",
        "type": "text",
        "label": "Retry button label",
        "importance": "low",
        "default": "Retry"
      },
      {
        "name": "correctText",
        "type": "text",
        "label": "Readspeaker text for correct answer",
        "importance": "low",
        "default": "Correct"
      },
      {
        "name": "incorrectText",
        "type": "text",
        "label": "Readspeaker text for incorrect answer",
        "importance": "low",
        "default": "Incorrect. Correct answer was :num"
      },
      {
        "name": "durationLabel",
        "type": "text",
        "label": "Readspeaker label for the timer",
        "importance": "low",
        "default": "Duration in hours, minutes and seconds."
      },
      {
        "name": "humanizedQuestion",
        "type": "text",
        "label": "Readspeaker text for question",
        "importance": "low",
        "default": "What does :arithmetic equal?"
      },
      {
        "name": "plusOperator",
        "type": "text",
        "label": "Plus operator text",
        "importance": "low",
        "default": "plus"
      },
      {
        "name": "subtractionOperator",
        "type": "text",
        "label": "Subtraction operator text",
        "importance": "low",
        "default": "minus"
      },
      {
        "name": "multiplicationOperator",
        "type": "text",
        "label": "Multiplication operator text",
        "importance": "low",
        "default": "times"
      },
      {
        "name": "divisionOperator",
        "type": "text",
        "label": "Division operator text",
        "importance": "low",
        "default": "divided by"
      },
      {
        "name": "slideOfTotal",
        "type": "text",
        "label": "Slide number text",
        "importance": "low",
        "description": "Announces current slide and total number of slides, variables are :num and :total",
        "default": "Slide :num of :total"
      }
    ]
  }
]
