{"arithmeticType":"multiplication","maxQuestions":5,"UI":{"score":"Score:","time":"Time: @time","resultPageHeader":"Finished!","go":"Go!","startButton":"Start","retryButton":"Retry","correctText":"Correct","incorrectText":"Incorrect. Correct answer was :num","durationLabel":"Duration in hours, minutes and seconds.","humanizedQuestion":"What does :arithmetic equal?","plusOperator":"plus","subtractionOperator":"minus","multiplicationOperator":"times","divisionOperator":"divided by","slideOfTotal":"Slide :num of :total"},"intro":"Solve these multiplication quizzes as fast as you can!"}